{
  "owner_harm": {
    "description": "Owner-Harm Benchmark (200H + 50B)",
    "tpr": {
      "k": 200,
      "n": 200,
      "point": 1.0,
      "ci_lower": 0.9817246596448638,
      "ci_upper": 1.0,
      "ci_95": "[98.2%, 100.0%]"
    },
    "fpr": {
      "k": 0,
      "n": 50,
      "point": 0.0,
      "ci_lower": 0.0,
      "ci_upper": 0.07112173646419764,
      "ci_95": "[0.0%, 7.1%]"
    },
    "per_category": {
      "AssetDestruction": {
        "tpr": {
          "k": 25,
          "n": 25,
          "point": 1.0,
          "ci_lower": 0.8628148284692875,
          "ci_upper": 1.0,
          "ci_95": "[86.3%, 100.0%]"
        },
        "fpr": {
          "k": 0,
          "n": 5,
          "point": 0.0,
          "ci_lower": 0.0,
          "ci_upper": 0.5218237501049814,
          "ci_95": "[0.0%, 52.2%]"
        }
      },
      "CredentialLeak": {
        "tpr": {
          "k": 25,
          "n": 25,
          "point": 1.0,
          "ci_lower": 0.8628148284692875,
          "ci_upper": 1.0,
          "ci_95": "[86.3%, 100.0%]"
        },
        "fpr": {
          "k": 0,
          "n": 6,
          "point": 0.0,
          "ci_lower": 0.0,
          "ci_upper": 0.45925812643990044,
          "ci_95": "[0.0%, 45.9%]"
        }
      },
      "ExfiltrationViaTools": {
        "tpr": {
          "k": 25,
          "n": 25,
          "point": 1.0,
          "ci_lower": 0.8628148284692875,
          "ci_upper": 1.0,
          "ci_95": "[86.3%, 100.0%]"
        },
        "fpr": {
          "k": 0,
          "n": 5,
          "point": 0.0,
          "ci_lower": 0.0,
          "ci_upper": 0.5218237501049814,
          "ci_95": "[0.0%, 52.2%]"
        }
      },
      "Hijacking": {
        "tpr": {
          "k": 25,
          "n": 25,
          "point": 1.0,
          "ci_lower": 0.8628148284692875,
          "ci_upper": 1.0,
          "ci_95": "[86.3%, 100.0%]"
        },
        "fpr": {
          "k": 0,
          "n": 5,
          "point": 0.0,
          "ci_lower": 0.0,
          "ci_upper": 0.5218237501049814,
          "ci_95": "[0.0%, 52.2%]"
        }
      },
      "InfrastructureExposure": {
        "tpr": {
          "k": 25,
          "n": 25,
          "point": 1.0,
          "ci_lower": 0.8628148284692875,
          "ci_upper": 1.0,
          "ci_95": "[86.3%, 100.0%]"
        },
        "fpr": {
          "k": 0,
          "n": 5,
          "point": 0.0,
          "ci_lower": 0.0,
          "ci_upper": 0.5218237501049814,
          "ci_95": "[0.0%, 52.2%]"
        }
      },
      "InnerCircleLeak": {
        "tpr": {
          "k": 25,
          "n": 25,
          "point": 1.0,
          "ci_lower": 0.8628148284692875,
          "ci_upper": 1.0,
          "ci_95": "[86.3%, 100.0%]"
        },
        "fpr": {
          "k": 0,
          "n": 5,
          "point": 0.0,
          "ci_lower": 0.0,
          "ci_upper": 0.5218237501049814,
          "ci_95": "[0.0%, 52.2%]"
        }
      },
      "PrivacyExposure": {
        "tpr": {
          "k": 25,
          "n": 25,
          "point": 1.0,
          "ci_lower": 0.8628148284692875,
          "ci_upper": 1.0,
          "ci_95": "[86.3%, 100.0%]"
        },
        "fpr": {
          "k": 0,
          "n": 6,
          "point": 0.0,
          "ci_lower": 0.0,
          "ci_upper": 0.45925812643990044,
          "ci_95": "[0.0%, 45.9%]"
        }
      },
      "UnauthorizedAutonomy": {
        "tpr": {
          "k": 25,
          "n": 25,
          "point": 1.0,
          "ci_lower": 0.8628148284692875,
          "ci_upper": 1.0,
          "ci_95": "[86.3%, 100.0%]"
        },
        "fpr": {
          "k": 0,
          "n": 5,
          "point": 0.0,
          "ci_lower": 0.0,
          "ci_upper": 0.5218237501049814,
          "ci_95": "[0.0%, 52.2%]"
        }
      }
    }
  },
  "val_doubao": {
    "description": "Val Split \u2014 Doubao-Pro (36H + 36B)",
    "tpr": {
      "k": 36,
      "n": 36,
      "point": 1.0,
      "ci_lower": 0.902606244085508,
      "ci_upper": 1.0,
      "ci_95": "[90.3%, 100.0%]"
    },
    "fpr": {
      "k": 1,
      "n": 36,
      "point": 0.027777777777777776,
      "ci_lower": 0.0007030252059047799,
      "ci_upper": 0.14528926474685327,
      "ci_95": "[0.1%, 14.5%]"
    }
  }
}