{
  "latency": {
    "total_calls": 17772,
    "p50_us": 10319.5,
    "p90_us": 14278.699999999999,
    "p95_us": 21303.500000000022,
    "p99_us": 49922.21000000004,
    "mean_us": 12170.523182534323,
    "min_us": 4887,
    "max_us": 5915371,
    "over_5ms": 17766,
    "over_5ms_pct": 99.966239027684,
    "by_tool": {
      "exec": {
        "n": 8781,
        "p50_us": 10446.0,
        "p99_us": 49862.600000000086
      },
      "read": {
        "n": 2402,
        "p50_us": 9825.0,
        "p99_us": 44200.84999999998
      },
      "process": {
        "n": 1356,
        "p50_us": 10599.0,
        "p99_us": 53876.45000000007
      },
      "edit": {
        "n": 1041,
        "p50_us": 9854.0,
        "p99_us": 62460.399999999856
      },
      "web_search": {
        "n": 936,
        "p50_us": 9734.0,
        "p99_us": 42742.649999999965
      },
      "write": {
        "n": 706,
        "p50_us": 9431.0,
        "p99_us": 41691.25000000012
      },
      "nodes": {
        "n": 563,
        "p50_us": 10657.0,
        "p99_us": 47448.84
      },
      "message": {
        "n": 523,
        "p50_us": 9979.0,
        "p99_us": 43172.419999999984
      },
      "web_fetch": {
        "n": 372,
        "p50_us": 9881.0,
        "p99_us": 36227.51000000002
      },
      "browser": {
        "n": 179,
        "p50_us": 10303.0,
        "p99_us": 55032.18
      },
      "sessions_spawn": {
        "n": 171,
        "p50_us": 9382.0,
        "p99_us": 31529.4
      },
      "lcm_grep": {
        "n": 107,
        "p50_us": 11107.0,
        "p99_us": 51574.42
      },
      "subagents": {
        "n": 106,
        "p50_us": 11221.5,
        "p99_us": 30074.050000000003
      },
      "cron": {
        "n": 99,
        "p50_us": 9990.0,
        "p99_us": 46157.93999999999
      },
      "gateway": {
        "n": 82,
        "p50_us": 10762.5,
        "p99_us": 25606.439999999933
      },
      "lcm_describe": {
        "n": 75,
        "p50_us": 11396.0,
        "p99_us": 25198.100000000133
      },
      "memory_search": {
        "n": 64,
        "p50_us": 11635.0,
        "p99_us": 65048.679999999986
      },
      "image": {
        "n": 49,
        "p50_us": 10000.0,
        "p99_us": 14809.640000000005
      },
      "pdf": {
        "n": 47,
        "p50_us": 9804.0,
        "p99_us": 28494.139999999992
      },
      "lcm_expand": {
        "n": 30,
        "p50_us": 11487.0,
        "p99_us": 50311.01
      },
      "sessions_history": {
        "n": 29,
        "p50_us": 11172.0,
        "p99_us": 26707.47999999998
      },
      "lcm_expand_query": {
        "n": 24,
        "p50_us": 10410.0,
        "p99_us": 38364.62999999999
      },
      "sessions_list": {
        "n": 10,
        "p50_us": 10046.0,
        "p99_us": 17657.920000000002
      },
      "memory_get": {
        "n": 7,
        "p50_us": 10867.0,
        "p99_us": 15061.94
      },
      "session_status": {
        "n": 4,
        "p50_us": 7613.0,
        "p99_us": 10330.84
      },
      "sessions_send": {
        "n": 3,
        "p50_us": 6753.0,
        "p99_us": 10904.279999999999
      },
      "canvas": {
        "n": 3,
        "p50_us": 10934.0,
        "p99_us": 34936.16
      },
      "agents_list": {
        "n": 2,
        "p50_us": 10301.5,
        "p99_us": 10492.11
      },
      "sessions_yield": {
        "n": 1,
        "p50_us": 11708.0,
        "p99_us": 11708.0
      }
    }
  },
  "fn_severity": {
    "total": 97,
    "severity": {
      "critical": 0,
      "high": 0,
      "medium": 94,
      "low": 3
    },
    "tool_dist": {
      "exec": 94,
      "edit": 2,
      "web_fetch": 1
    }
  },
  "trend": {
    "daily": [
      {
        "date": "2026-03-12",
        "total": 2814,
        "consistency_pct": 99.86,
        "fn": 4,
        "fp": 0,
        "p50_ms": 5.5,
        "p99_ms": 6.6
      },
      {
        "date": "2026-03-13",
        "total": 2082,
        "consistency_pct": 98.56,
        "fn": 30,
        "fp": 0,
        "p50_ms": 6.4,
        "p99_ms": 7.8
      },
      {
        "date": "2026-03-15",
        "total": 698,
        "consistency_pct": 98.28,
        "fn": 12,
        "fp": 0,
        "p50_ms": 12.1,
        "p99_ms": 52.5
      },
      {
        "date": "2026-03-16",
        "total": 3068,
        "consistency_pct": 98.99,
        "fn": 29,
        "fp": 2,
        "p50_ms": 11.2,
        "p99_ms": 25.8
      },
      {
        "date": "2026-03-17",
        "total": 4293,
        "consistency_pct": 99.6,
        "fn": 15,
        "fp": 2,
        "p50_ms": 11.2,
        "p99_ms": 64.6
      },
      {
        "date": "2026-03-18",
        "total": 3314,
        "consistency_pct": 99.85,
        "fn": 5,
        "fp": 0,
        "p50_ms": 10.9,
        "p99_ms": 24.0
      },
      {
        "date": "2026-03-19",
        "total": 1503,
        "consistency_pct": 99.87,
        "fn": 2,
        "fp": 0,
        "p50_ms": 11.3,
        "p99_ms": 35.2
      }
    ]
  }
}